{
    "accuracy": 0.9421768707482994,
    "precision": 0.9370786516853933,
    "recall": 0.9477272727272728,
    "f1": 0.9423728813559322,
    "roc_auc": 0.9846770876182641,
    "optimal_threshold": 0.5073845982551575
}